"San Francisco, CA","San Francisco, CA","San Francisco, CA","San Francisco, CA","Oakland, CA",,,,,,,,,,,
"Oakland, CA","San Francisco, CA",,,,,,,,,,,,,,
"San Francisco, CA","San Francisco, CA","San Francisco, CA","San Francisco, CA","San Francisco, CA",,,,,,,,,,,
"Mountain View, CA","Mountain View, CA",,,,,,,,,,,,,,
"San Jose, CA",,,,,,,,,,,,,,,
"San Francisco, CA","San Francisco, CA","Oakland, CA","Cupertino, CA","San Francisco, CA","San Francisco, CA","San Francisco, CA",,,,,,,,,
"San Francisco, CA","San Francisco, CA","Brooklyn, NY","Brooklyn, NY","San Francisco, CA",,,,,,,,,,,
"San Francisco, CA",,,,,,,,,,,,,,,
"Fort Mill, SC","Charlotte, NC","Mooresboro, NC","Alpharetta, GA",,,,,,,,,,,,
"Lake Forest, IL","Pittsburg, CA","San Francisco, CA","San Francisco, CA","Elko, NV",,,,,,,,,,,
"San Francisco, CA","Seattle, WA","Seattle, WA",,,,,,,,,,,,,
"Newcastle, WA",,,,,,,,,,,,,,,
"Brooklyn, NY","Brooklyn, NY","Fox Point, WI",,,,,,,,,,,,,
"San Francisco, CA",,,,,,,,,,,,,,,
"Walnut Creek, CA","San Francisco, CA","Mill Valley, CA","Petaluma, CA","San Francisco, CA","El Dorado Hills, CA","San Jose, CA",,,,,,,,,
"Oakland, CA","San Francisco, CA","San Francisco, CA",,,,,,,,,,,,,
"Alamo, CA","Kirkland, WA","Seattle, WA","San Francisco, CA","San Francisco, CA",,,,,,,,,,,
"San Jose, CA",,,,,,,,,,,,,,,
"Walnut Creek, CA",,,,,,,,,,,,,,,
"San Francisco, CA","San Carlos, CA","San Francisco, CA",,,,,,,,,,,,,
"San Francisco, CA","San Francisco, CA",,,,,,,,,,,,,,
"Emeryville, CA","Walnut Creek, CA","San Jose, CA",,,,,,,,,,,,,
"San Francisco, CA",,,,,,,,,,,,,,,
"Novato, CA","Mountain View, CA","Pleasanton, CA","Palo Alto, CA",,,,,,,,,,,,
"San Francisco, CA","Port Washington, NY",,,,,,,,,,,,,,
"Fremont, CA",,,,,,,,,,,,,,,
"San Francisco, CA","Los Angeles, CA","Palo Alto, CA","Palo Alto, CA","San Francisco, CA",,,,,,,,,,,
"Ann Arbor, MI","Chelsea, MI","San Francisco, CA",,,,,,,,,,,,,
"Dublin, CA","San Rafael, CA",,,,,,,,,,,,,,
"San Francisco, CA",,,,,,,,,,,,,,,
"San Francisco, CA",,,,,,,,,,,,,,,
"San Francisco, CA",,,,,,,,,,,,,,,
"San Francisco, CA","San Bruno, CA",,,,,,,,,,,,,,
"San Francisco, CA","San Francisco, CA",,,,,,,,,,,,,,
"San Jose, CA",,,,,,,,,,,,,,,
"Indianapolis, IN","Carmel, IN","Brownsburg, IN",,,,,,,,,,,,,
"Newark, DE","Bear, DE","Westfield, NJ","Alpharetta, GA","Mount Laurel, NJ","Bethesda, MD","Annapolis, MD","Milford, DE",,,,,,,,
"Ponte Vedra Beach, FL","Charlotte, NC","Concord, NC","Charlotte, NC",,,,,,,,,,,,
"Belmont, CA","San Mateo, CA","Foster City, CA","South San Francisco, CA",,,,,,,,,,,,
"San Francisco, CA",,,,,,,,,,,,,,,
"Millbrae, CA",,,,,,,,,,,,,,,
"Stewartsville, NJ",,,,,,,,,,,,,,,
"San Francisco, CA",,,,,,,,,,,,,,,
"San Francisco, CA","San Francisco, CA",,,,,,,,,,,,,,
"San Francisco, CA","San Jose, CA",,,,,,,,,,,,,,
"San Francisco, CA",,,,,,,,,,,,,,,
"Austin, TX","Austin, TX","Sunnyvale, CA","Austin, TX",,,,,,,,,,,,
"San Francisco, CA","San Francisco, CA",,,,,,,,,,,,,,
"Dublin, CA","Emeryville, CA","San Francisco, CA",,,,,,,,,,,,,
"Seattle, WA","San Francisco, CA","San Francisco, CA","San Francisco, CA","San Francisco, CA","San Francisco, CA","San Francisco, CA","San Francisco, CA",,,,,,,,
"San Francisco, CA","San Francisco, CA","West Pittston, PA","Lexington, KY",,,,,,,,,,,,
"San Francisco, CA","San Francisco, CA",,,,,,,,,,,,,,
"Burlingame, CA","Columbia, MO",,,,,,,,,,,,,,
"San Francisco, CA","San Francisco, CA","San Francisco, CA","San Francisco, CA",,,,,,,,,,,,
"San Francisco, CA","San Francisco, CA",,,,,,,,,,,,,,
"San Jose, CA","Cape Coral, FL",,,,,,,,,,,,,,
"Mountain View, CA","Fremont, CA","San Francisco, CA","Foster City, CA","Oakland, CA","Foster City, CA",,,,,,,,,,
"Piedmont, CA","Cupertino, CA","San Francisco, CA","Palo Alto, CA",,,,,,,,,,,,
"Bluffton, SC","Charlotte, NC","Matthews, NC","Huntersville, NC","Charlotte, NC","Charlotte, NC","Stroudsburg, PA","Huntersville, NC","Matthews, NC",,,,,,,
"Saint Louis, MO","Maryville, IL",,,,,,,,,,,,,,
"Walnut Creek, CA","Berkeley, CA","Berkeley, CA","Berkeley, CA",,,,,,,,,,,,
"Danville, CA","Danville, CA","San Francisco, CA","San Francisco, CA","San Mateo, CA","San Francisco, CA","San Francisco, CA",,,,,,,,,
"San Francisco, CA","West Chester, PA","Indianapolis, IN","San Francisco, CA",,,,,,,,,,,,
"Ridgefield, CT","Philadelphia, PA","Union City, NJ","Brooklyn, NY",,,,,,,,,,,,
"San Mateo, CA","Austin, TX",,,,,,,,,,,,,,
"San Francisco, CA","San Francisco, CA","San Francisco, CA",,,,,,,,,,,,,
"San Francisco, CA","San Francisco, CA",,,,,,,,,,,,,,
"Edwards, CO","San Francisco, CA","Palo Alto, CA","Oakland, CA","Pacifica, CA",,,,,,,,,,,
"Alameda, CA","Lafayette, CA","Alameda, CA",,,,,,,,,,,,,
"Bellevue, WA","San Jose, CA","State Road, NC","Irvine, CA","Newcastle, WA","Redmond, WA",,,,,,,,,,
"Fremont, CA","Woodside, CA","Fremont, CA","Sunnyvale, CA",,,,,,,,,,,,
"San Francisco, CA",,,,,,,,,,,,,,,
"Foster City, CA","Foster City, CA",,,,,,,,,,,,,,
"Mountain View, CA","Campbell, CA","Redwood City, CA",,,,,,,,,,,,,
"Los Altos, CA",,,,,,,,,,,,,,,
"Walnut Creek, CA","Jersey City, NJ",,,,,,,,,,,,,,
"San Francisco, CA",,,,,,,,,,,,,,,
"Burlingame, CA","Gilbert, AZ",,,,,,,,,,,,,,
"San Francisco, CA","Danville, CA","San Francisco, CA",,,,,,,,,,,,,
"Santa Cruz, CA","San Francisco, CA","Santa Cruz, CA",,,,,,,,,,,,,
"San Francisco, CA","San Francisco, CA","San Francisco, CA","San Francisco, CA","San Francisco, CA","San Francisco, CA",,,,,,,,,,
"Mountain House, CA","Fremont, CA","San Jose, CA","San Francisco, CA","Suwanee, GA","Newburgh, IN","San Francisco, CA","Indianapolis, IN","San Francisco, CA","Indianapolis, IN","Santa Clara, CA","Summamish, WA","Moraga, CA",,,
"Huntersville, NC","Sneads Ferry, NC","San Francisco, CA",,,,,,,,,,,,,
"Mountain View, CA","Redwood City, CA","San Francisco, CA",,,,,,,,,,,,,
"Austin, TX","Austin, TX",,,,,,,,,,,,,,
"Parker, CO","Parker, CO","Highlands Ranch, CO","Littleton, CO",,,,,,,,,,,,
"Oakland, CA","Tuckahoe, NY",,,,,,,,,,,,,,
"Milpitas, CA","San Carlos, CA","San Francisco, CA","San Francisco, CA",,,,,,,,,,,,
"Milpitas, CA","San Carlos, CA","Mill Valley, CA",,,,,,,,,,,,,
"San Francisco, CA",,,,,,,,,,,,,,,
"Tahoe City, CA","San Francisco, CA","Daly City, CA","San Francisco, CA",,,,,,,,,,,,
"Henderson, NV",,,,,,,,,,,,,,,
"Piedmont, CA","San Francisco, CA",,,,,,,,,,,,,,
"Atherton, CA","San Francisco, CA","San Francisco, CA","San Francisco, CA","San Francisco, CA",,,,,,,,,,,
"Austin, TX","San Francisco, CA","San Francisco, CA",,,,,,,,,,,,,
"Austin, TX",,,,,,,,,,,,,,,
"San Mateo, CA",,,,,,,,,,,,,,,
"New York, NY",,,,,,,,,,,,,,,
"Oakland, CA","Charlotte, NC","Charlotte, NC","North Brunswick, NJ","North Brunswick, NJ",,,,,,,,,,,
"Foster City, CA","San Jose, CA","Foster City, CA",,,,,,,,,,,,,
"Irving, TX","New York, NY",,,,,,,,,,,,,,
"Carmel, IN","Seattle, WA","San Francisco, CA","Mountain View, CA","Foster City, CA","Union City, CA","Seattle, WA",,,,,,,,,
"Dublin, CA","San Ramon, CA","Burlingame, CA","San Francisco, CA",,,,,,,,,,,,
"San Francisco, CA","Boulder, CO","Oakland, CA",,,,,,,,,,,,,
"Oakland, CA","San Francisco, CA","Dublin, CA","San Mateo, CA","Oakland, CA","San Francisco, CA","San Francisco, CA","San Francisco, CA",,,,,,,,
"Seattle, WA","San Francisco, CA","San Francisco, CA","San Francisco, CA",,,,,,,,,,,,
"Milpitas, CA","Fremont, CA","Oakland, CA","Palo Alto, CA","Foster City, CA","San Jose, CA",,,,,,,,,,
"San Francisco, CA","San Francisco, CA","San Rafael, CA",,,,,,,,,,,,,
"San Francisco, CA","Newbury Park, CA","San Jose, CA",,,,,,,,,,,,,
"San Francisco, CA","San Francisco, CA",,,,,,,,,,,,,,
"San Francisco, CA","San Carlos, CA","Oakland, CA",,,,,,,,,,,,,
"San Francisco, CA",,,,,,,,,,,,,,,
"Foster City, CA","San Francisco, CA",,,,,,,,,,,,,,
"San Francisco, CA","San Francisco, CA","Wellesley, MA","Los Altos, CA","San Francisco, CA",,,,,,,,,,,
"Winston Salem, NC","Amherst, NC","Mocksville, NC","Bessemer City, NC","Clemmons, NC","Mooresville, NC",,,,,,,,,,
"San Jose, CA","San Jose, CA",,,,,,,,,,,,,,
"San Francisco, CA","San Francisco, CA","Oakland, CA",,,,,,,,,,,,,
"Woodside, CA","Alameda, CA","San Francisco, CA","San Francisco, CA",,,,,,,,,,,,
"San Francisco, CA",,,,,,,,,,,,,,,
"Millbrae, CA",,,,,,,,,,,,,,,
"Bend, OR",,,,,,,,,,,,,,,
"Walnut Creek, CA",,,,,,,,,,,,,,,
"Arlington, TX",,,,,,,,,,,,,,,
"Berkeley, CA","El Cerrito, CA","San Francisco, CA",,,,,,,,,,,,,
"San Francisco, CA","San Francisco, CA",,,,,,,,,,,,,,
"Seattle, WA",,,,,,,,,,,,,,,
"Concord, CA","San Francisco, CA","San Francisco, CA",,,,,,,,,,,,,
"Daly City, CA","Mill Valley, CA","San Francisco, CA",,,,,,,,,,,,,
"San Francisco, CA","Fremont, CA","San Francisco, CA","Pleasanton, CA","San Francisco, CA",,,,,,,,,,,
"Mission Bay, CA","San Francisco, CA","San Francisco, CA",,,,,,,,,,,,,
"Fallbrook, CA",,,,,,,,,,,,,,,
"San Francisco, CA","San Francisco, CA",,,,,,,,,,,,,,
"Pleasant Hill, CA","Louisville, CO","San Francisco, CA","Niwot, CO","San Francisco, CA","San Francisco, CA","Louisville, CO","Danville, CA","Longmont, CO","Longmont, CO","Redwood City, CA","Mountain View, CA",,,,
"San Francisco, CA","San Francisco, CA",,,,,,,,,,,,,,
"San Jose, CA","Saratoga, CA","San Jose, CA","Mountain View, CA","San Jose, CA","Santa Clara, CA",,,,,,,,,,
"San Jose, CA",,,,,,,,,,,,,,,
"San Jose, CA","San Carlos, CA","Los Altos, CA","Redwood City, CA","San Jose, CA","Foster City, CA",,,,,,,,,,
"San Francisco, CA","San Francisco, CA","San Francisco, CA","Los Altos, CA",,,,,,,,,,,,
"San Francisco, CA","Oakland, CA","San Francisco, CA","San Francisco, CA","Fremont, CA","Walnut Creek, CA","San Francisco, CA","San Francisco, CA",,,,,,,,
"Kirkland, WA","Seattle, WA","Seattle, WA","Seattle, WA","Shoreline, WA","Mercer Island, WA","Seattle, WA",,,,,,,,,
"Somerville, MA","Arlington, MA","Maynard, MA","Winchester, MA","Malden, MA",,,,,,,,,,,
"San Francisco, CA","San Francisco, CA","San Francisco, CA","San Francisco, CA",,,,,,,,,,,,
"Oakland, CA","Mountain View, CA","San Francisco, CA","Palo Alto, CA","Sunnyvale, CA","San Jose, CA",,,,,,,,,,
"San Jose, CA","San Jose, CA","San Francisco, CA","San Francisco, CA","San Francisco, CA","San Francisco, CA","San Francisco, CA",,,,,,,,,
"San Francisco, CA","New York, NY","Fremont, CA","San Francisco, CA","San Francisco, CA","New York, NY",,,,,,,,,,
"Seattle, WA","Seattle, WA","Fremont, CA",,,,,,,,,,,,,
"Newport Beach, CA",,,,,,,,,,,,,,,
"Bellevue, WA","San Francisco, CA","Mukilteo, WA","San Francisco, CA","San Francisco, CA",,,,,,,,,,,
"Berkeley, CA","Sunnyvale, CA","Palo Alto, CA","Pleasanton, CA","Pleasant Hill, CA",,,,,,,,,,,
"Portland, OR","San Francisco, CA","Portland, OR","Beaverton, OR","Santa Clara, CA","Moraga, CA","Portland, OR",,,,,,,,,
"Pleasanton, CA","San Francisco, CA","Pacifica, CA",,,,,,,,,,,,,
"San Francisco, CA","San Francisco, CA",,,,,,,,,,,,,,
"San Francisco, CA","San Francisco, CA","Walnut Creek, CA","San Francisco, CA","Royal Oak, MI","Berkeley, CA","San Francisco, CA","Berkeley, CA","San Francisco, CA","Moss Beach, CA","Oakland, CA","Orinda, CA","Novato, CA","San Francisco, CA","San Jose, CA","San Francisco, CA"
"Irvine, CA",,,,,,,,,,,,,,,
"San Francisco, CA",,,,,,,,,,,,,,,
"Oakland, CA","San Francisco, CA",,,,,,,,,,,,,,
"San Francisco, CA","San Francisco, CA",,,,,,,,,,,,,,
"Manhattan Beach, CA","Manhattan Beach, CA","Bellflower, CA","Anaheim, CA",,,,,,,,,,,,
"San Francisco, CA","San Francisco, CA","San Francisco, CA",,,,,,,,,,,,,
"San Francisco, CA","San Francisco, CA","San Francisco, CA","San Francisco, CA",,,,,,,,,,,,
"Freeport, TX","San Francisco, CA","Stanford, CA",,,,,,,,,,,,,
"Kirkland, WA","Redmond, WA",,,,,,,,,,,,,,
"San Francisco, CA","Redwood City, CA","San Francisco, CA",,,,,,,,,,,,,
"San Francisco, CA","San Francisco, CA","San Francisco, CA","San Francisco, CA",,,,,,,,,,,,
"San Francisco, CA","Oakland, CA",,,,,,,,,,,,,,
"San Francisco, CA","San Francisco, CA","Palo Alto, CA","San Francisco, CA","Menlo Park, CA","San Francisco, CA",,,,,,,,,,
"San Francisco, CA","San Francisco, CA","San Francisco, CA","San Francisco, CA",,,,,,,,,,,,
"Richmond, CA",,,,,,,,,,,,,,,
"Fairview, OR","Portland, OR","Portland, OR",,,,,,,,,,,,,
"San Francisco, CA",,,,,,,,,,,,,,,
"San Francisco, CA",,,,,,,,,,,,,,,
"San Francisco, CA","Cambridge, MA","Fremont, CA","Cambridge, MA","San Francisco, CA",,,,,,,,,,,
"San Francisco, CA","San Bruno, CA","San Francisco, CA",,,,,,,,,,,,,
"San Francisco, CA","San Francisco, CA","San Francisco, CA",,,,,,,,,,,,,
"Foster City, CA",,,,,,,,,,,,,,,
"San Francisco, CA","Union City, CA","San Francisco, CA","San Jose, CA",,,,,,,,,,,,
"Brooklyn, NY","San Francisco, CA","San Francisco, CA","San Francisco, CA","San Francisco, CA","San Francisco, CA","Oakland, CA","San Francisco, CA","Oakland, CA",,,,,,,
"San Francisco, CA","San Francisco, CA",,,,,,,,,,,,,,
"Portland, OR","San Francisco, CA","Portland, OR","Beaverton, OR","Santa Clara, CA","Moraga, CA","Portland, OR",,,,,,,,,
"Oakland, CA","San Francisco, CA",,,,,,,,,,,,,,
"San Francisco, CA","San Francisco, CA","Palo Alto, CA","Fords, NJ","Oakland, CA","Berkeley, CA",,,,,,,,,,
"Menlo Park, CA","Belmont, CA",,,,,,,,,,,,,,
"Fords, NJ","Palo Alto, CA","San Francisco, CA","Berkeley, CA",,,,,,,,,,,,
"Charlotte, NC","Fort Mill, SC","St. Louis, MO","Rock Hill, SC",,,,,,,,,,,,
"San Francisco, CA",,,,,,,,,,,,,,,
"San Francisco, CA",,,,,,,,,,,,,,,
"San Francisco, CA","San Francisco, CA",,,,,,,,,,,,,,
"Walnut Creek, CA","San Francisco, CA","San Mateo, CA","Pleasanton, CA","Palmetto, FL",,,,,,,,,,,
"Toluca Lake, CA","Belmont, CA","Northridge, CA",,,,,,,,,,,,,
"Oakland, CA","Los Altos, CA",,,,,,,,,,,,,,
"San Francisco, CA","San Francisco, CA",,,,,,,,,,,,,,
"San Francisco, CA",,,,,,,,,,,,,,,
"Redwood City, CA",,,,,,,,,,,,,,,
"Dedham, MA","North Reading, MA","Medford, MA",,,,,,,,,,,,,
"Sunnyvale, CA",,,,,,,,,,,,,,,
"Bend, OR","South Orange, NJ",,,,,,,,,,,,,,
"San Francisco, CA","Oakland, CA",,,,,,,,,,,,,,
"San Francisco, CA","San Francisco, CA","Alameda, CA","San Carlos, CA","San Francisco, CA","Arlington, MA","Esconidido, CA",,,,,,,,,
"Altadena, CA",,,,,,,,,,,,,,,
"Santa Clara, CA","Sunnyvale, CA",,,,,,,,,,,,,,
"San Francisco, CA","San Francisco, CA",,,,,,,,,,,,,,
"Livermore, CA","El Cerrito, CA","Jamaica Plain, MA",,,,,,,,,,,,,
"Davis, CA",,,,,,,,,,,,,,,
"San Jose, CA","Sunnyvale, CA",,,,,,,,,,,,,,
"Milpitas, CA","Concord, CA","Berkeley, CA","Fremont, CA","San Francisco, CA",,,,,,,,,,,
"San Mateo, CA","Corte Madera, CA","San Francisco, CA","San Francisco, CA",,,,,,,,,,,,
"San Jose, CA","San Jose, CA","San Francisco, CA",,,,,,,,,,,,,
"San Jose, CA","Saratoga, CA","Santa Clara, CA",,,,,,,,,,,,,
"Moraga, CA","Jacksonville, FL",,,,,,,,,,,,,,
"Oakland, CA","Concord, CA","Oakland, CA","San Francisco, CA",,,,,,,,,,,,
"San Francisco, CA","San Francisco, CA","San Francisco, CA",,,,,,,,,,,,,
"Arlington, MA","Ashland, MA",,,,,,,,,,,,,,
"Sunnyvale, CA","San Francisco, CA","Belmont, CA",,,,,,,,,,,,,
"Oakland, CA","Bend, OR",,,,,,,,,,,,,,
"San Francisco, CA","San Francisco, CA","Palo Alto, CA",,,,,,,,,,,,,
"Millbrae, CA","San Francisco, CA",,,,,,,,,,,,,,
"San Jose, CA","Fremont, CA","Mountain View, CA","Sunnyvale, CA","Santa Clara, CA","Sunnyvale, CA",,,,,,,,,,
"San Jose, CA","San Francisco, CA","Fremont, CA","Milpitas, CA",,,,,,,,,,,,
"Albuquerque, NM",,,,,,,,,,,,,,,
"San Francisco, CA","South San Francisco, CA",,,,,,,,,,,,,,
"New York, NY","New York, NY","Fresh Meadows, NY",,,,,,,,,,,,,
"Belmont, CA",,,,,,,,,,,,,,,
"San Francisco, CA","Newark, CA","San Francisco, CA","Alameda, CA",,,,,,,,,,,,
"Falls Church, VA","Reston, VA","Herndon, VA","Ashburn, VA",,,,,,,,,,,,
"San Francisco, CA","San Francisco, CA","Los Altos, CA","San Francisco, CA",,,,,,,,,,,,
"San Francisco, CA","San Francisco, CA","Novato, CA",,,,,,,,,,,,,
"Novato, CA",,,,,,,,,,,,,,,
"Irvine, CA","San Jose, CA",,,,,,,,,,,,,,
"San Carlos, CA","San Francisco, CA","San Francisco, CA",,,,,,,,,,,,,
"Redwood City, CA","San Francisco, CA","Ann Arbor, MI","San Francisco, CA","San Francisco, CA","San Francisco, CA",,,,,,,,,,
"San Francisco, CA","San Bruno, CA","Fremont, CA","San Francisco, CA",,,,,,,,,,,,
"San Francisco, CA",,,,,,,,,,,,,,,
"San Francisco, CA","San Francisco, CA","San Francisco, CA","San Francisco, CA","San Francisco, CA","San Jose, CA","San Francisco, CA",,,,,,,,,
"San Francisco, CA","San Francisco, CA","Akron, OH",,,,,,,,,,,,,
"San Francisco, CA","San Francisco, CA","San Francisco, CA","San Francisco, CA","San Francisco, CA","San Francisco, CA","San Francisco, CA",,,,,,,,,
"Redwood City, CA","San Mateo, CA",,,,,,,,,,,,,,
"San Francisco, CA","San Francisco, CA","San Francisco, CA","Temple City, CA",,,,,,,,,,,,
"Oakland, CA","Oakland, CA","San Francisco, CA","San Francisco, CA","Pleasanton, CA",,,,,,,,,,,
"San Ramon, CA","Oakland, CA","Redwood City, CA","San Francisco, CA",,,,,,,,,,,,
"North Andover, MA",,,,,,,,,,,,,,,
"San Francisco, CA","San Francisco, CA","Scotts Valley, CA","Castro Valley, CA","Alameda, CA","San Francisco, CA",,,,,,,,,,
"San Francisco, CA","San Francisco, CA",,,,,,,,,,,,,,
"San Francisco, CA","San Francisco, CA","San Francisco, CA","Alameda, CA",,,,,,,,,,,,
"Alameda, CA","San Francisco, CA","Bentonville, AR",,,,,,,,,,,,,
"Los Altos, CA","Jacksonville, OR","Atlanta, GA","Los Altos Hills, CA","San Francisco, CA","Palo Alto, CA","Atlanta, GA","San Francisco, CA",,,,,,,,
"South Lake Tahoe, CA","San Francisco, CA","Dawsonville, GA",,,,,,,,,,,,,
"San Francisco, CA",,,,,,,,,,,,,,,
"San Francisco, CA",,,,,,,,,,,,,,,
"Burlingame, CA",,,,,,,,,,,,,,,
"Mountain View, CA",,,,,,,,,,,,,,,
"Santa Clara, CA",,,,,,,,,,,,,,,
"Alamo, CA","Kirkland, WA","Seattle, WA","San Francisco, CA","San Francisco, CA",,,,,,,,,,,
"Mountain View, CA",,,,,,,,,,,,,,,
"Brentwood, CA",,,,,,,,,,,,,,,
"San Francisco, CA","San Francisco, CA","San Francisco, CA",,,,,,,,,,,,,
"San Francisco, CA","San Francisco, CA","San Francisco, CA","San Francisco, CA",,,,,,,,,,,,
"San Francisco, CA","San Francisco, CA","San Francisco, CA","Walnut Creek, CA","San Francisco, CA","Berkeley, CA","Walnut, CA","San Francisco, CA",,,,,,,,
"Sunnyvale, CA",,,,,,,,,,,,,,,
"San Francisco, CA","San Francisco, CA","San Francisco, CA",,,,,,,,,,,,,
"San Francisco, CA","San Francisco, CA","San Francisco, CA",,,,,,,,,,,,,
"San Francisco, CA","San Francisco, CA",,,,,,,,,,,,,,
"San Francisco, CA","San Francisco, CA","Cupertino, CA","Berkeley, CA",,,,,,,,,,,,
"Alameda, CA","San Francisco, CA",,,,,,,,,,,,,,
"San Francisco, CA","San Francisco, CA","San Francisco, CA","San Francisco, CA",,,,,,,,,,,,
"San Francisco, CA","San Francisco, CA",,,,,,,,,,,,,,
"San Francisco, CA",,,,,,,,,,,,,,,
"Oakland, CA","LaGrange, IL","Toledo, OH",,,,,,,,,,,,,
"Fremont, CA","San Francisco, CA","San Francisco, CA",,,,,,,,,,,,,
"Oakland, CA","Newark, CA","Burlingame, CA",,,,,,,,,,,,,
"San Francisco, CA","Boston, MA","Somerville, MA",,,,,,,,,,,,,
"Milpitas, CA",,,,,,,,,,,,,,,
"Fremont, CA",,,,,,,,,,,,,,,
"Renton, WA","St. Charles, IL","Sammamish, WA","Sacramento, CA","Colorado Springs, CO",,,,,,,,,,,
"San Francisco, CA","Portland, OR","San Mateo, CA","San Francisco, CA","Redwood City, CA","Santa Clara, CA",,,,,,,,,,
"Oakland, CA","Longmont, CO","Bellevue, WA","Salt Lake City, UT",,,,,,,,,,,,
"Sausalito, CA","San Mateo, CA","South San Francisco, CA","Berkeley, CA",,,,,,,,,,,,
"Sausalito, CA","San Mateo, CA","South San Francisco, CA","Berkeley, CA",,,,,,,,,,,,
"Los Altos, CA","San Francisco, CA","San Francisco, CA","San Francisco, CA","San Francisco, CA",,,,,,,,,,,
"Inver Grove, MN",,,,,,,,,,,,,,,
"Redmond, WA","San Francisco, CA",,,,,,,,,,,,,,
"San Francisco, CA","Alameda, CA","San Francisco, CA","Newark, CA","Fremont, CA",,,,,,,,,,,
"San Francisco, CA","San Francisco, CA","Menlo Park, CA","Oakland, CA","San Francisco, CA","Oakland, CA","San Mateo, CA","San Jose, CA","Berkeley, CA",,,,,,,
"San Francisco, CA",,,,,,,,,,,,,,,
"Olney, MD",,,,,,,,,,,,,,,
"Newcastle, WA","Bellevue, WA","Irvine, CA","Cape Coral, FL","San Jose, CA",,,,,,,,,,,
"Pleasanton, CA","Half Moon Bay, CA",,,,,,,,,,,,,,
"Portland, OR","San Mateo, CA","Foster City, CA","Palo Alto, CA","San Jose, CA","San Mateo, CA","Los Altos, CA","San Francisco, CA","San Francisco, CA","San Jose, CA",,,,,,
"San Francisco, CA","San Francisco, CA","San Francisco, CA","San Rafael, CA",,,,,,,,,,,,
"Burlingame, CA","Tucson, AZ","Tucson, AZ","Tucson, AZ","Tucson, AZ","Tucson, AZ","Tucson, AZ",,,,,,,,,
"San Francisco, CA",,,,,,,,,,,,,,,
"Sausalito, CA","San Mateo, CA","South San Francisco, CA","Berkeley, CA",,,,,,,,,,,,
"San Francisco, CA","San Francisco, CA","San Francisco, CA","San Bruno, CA","San Francisco, CA",,,,,,,,,,,
"Saratoga, CA",,,,,,,,,,,,,,,
"Littleton, CO","Mill Valley, CA","San Francisco, CA","Castle Rock, CO","Aurora, CO","San Francisco, CA",,,,,,,,,,
"San Francisco, CA","Santa Cruz, CA","San Francisco, CA",,,,,,,,,,,,,
"San Francisco, CA","Mountain View, CA","San Francisco, CA","San Francisco, CA",,,,,,,,,,,,
"Bellevue, WA",,,,,,,,,,,,,,,
"Kirkland, WA","Union City, CA","Millbrae, CA",,,,,,,,,,,,,
"San Francisco, CA","Oakland, CA",,,,,,,,,,,,,,
"San Francisco, CA","San Francisco, CA",,,,,,,,,,,,,,
"Santa Cruz, CA","San Francisco, CA","Santa Cruz, CA","San Francisco, CA","San Francisco, CA",,,,,,,,,,,
"Chicago, IL","Greenwood, IN","Oakland, CA",,,,,,,,,,,,,
"Sammamish, WA","Santa Clara, CA",,,,,,,,,,,,,,
"Chevy Chase, MD","San Francisco, CA","Brooklyn, NY","San Francisco, CA","Seattle, WA","Issaquah, WA",,,,,,,,,,
"Medfield, MA",,,,,,,,,,,,,,,
"Issaquah, WA","Castro Valley, CA",,,,,,,,,,,,,,
"Brownsburg, IN",,,,,,,,,,,,,,,
"San Francisco, CA","San Francisco, CA",,,,,,,,,,,,,,
"San Carlos, CA","San Francisco, CA","San Francisco, CA","San Francisco, CA","San Francisco, CA","San Francisco, CA",,,,,,,,,,
"Redmond, WA","Kent, WA","Kirkland, WA",,,,,,,,,,,,,
"San Francisco, CA","San Francisco, CA",,,,,,,,,,,,,,
"San Francisco, CA","San Francisco, CA","San Francisco, CA",,,,,,,,,,,,,
"Lake Saint Louis, MO","Kirkwood, MO","Livermore, CA","St. Louis, MO","Rock Hill, SC","St. Louis, MO","Plano, TX","Chesterfield, MO",,,,,,,,
"Austin, TX","Austin, TX","Austin, TX","Austin, TX","New York, NY",,,,,,,,,,,
"Menlo Park, CA",,,,,,,,,,,,,,,
"Katy, TX","Newcastle, WA","Bellevue, WA",,,,,,,,,,,,,
"San Jose, CA","Sunnyvale, CA","Mountain View, CA",,,,,,,,,,,,,
"San Francisco, CA",,,,,,,,,,,,,,,
"Fremont, CA","San Jose, CA","Sunnyvale, CA","Fremont, CA",,,,,,,,,,,,
"Berkeley, CA","Fremont, CA","Fremont, CA",,,,,,,,,,,,,
"San Francisco, CA","San Francisco, CA",,,,,,,,,,,,,,
"Oakland, CA","San Francisco, CA","San Francisco, CA","San Francisco, CA",,,,,,,,,,,,
"San Francisco, CA","San Francisco, CA","San Francisco, CA",,,,,,,,,,,,,
"San Francisco, CA","San Francisco, CA","San Francisco, CA","San Francisco, CA","San Francisco, CA",,,,,,,,,,,
"Palo Alto, CA","San Francisco, CA","Pacifica, CA",,,,,,,,,,,,,
"San Mateo, CA",,,,,,,,,,,,,,,
"Fort Mill, SC","Charlotte, NC","Mooresboro, NC","Alpharetta, GA",,,,,,,,,,,,
"Dublin, CA","San Rafael, CA",,,,,,,,,,,,,,
"Irvine, CA","State Road, NC","Huntersville, NC","San Francisco, CA",,,,,,,,,,,,
"San Francisco, CA","San Francisco, CA","San Francisco, CA","San Francisco, CA","San Francisco, CA",,,,,,,,,,,
"San Francisco, CA","San Francisco, CA","San Francisco, CA","San Francisco, CA",,,,,,,,,,,,
"San Francisco, CA","San Francisco, CA","San Francisco, CA","San Francisco, CA","San Francisco, CA","San Francisco, CA","San Francisco, CA","San Francisco, CA",,,,,,,,
"Ithaca, NY","Santa Clara, CA","Sunnyvale, CA","Palo Alto, CA","Simi Valley, CA",,,,,,,,,,,
"Palo Alto, CA","Palo Alto, CA","Palo Alto, CA","Palo Alto, CA",,,,,,,,,,,,
"Charlotte, NC","Charlotte, NC","Matthews, NC","Huntersville, NC","Charlotte, NC","Charlotte, NC","San Francisco, CA","Harrisburg, NC","Charlotte, NC","Chevy Chase, MD",,,,,,
"Foster City, CA","San Ramon, CA","San Francisco, CA","San Jose, CA","San Francisco, CA",,,,,,,,,,,
"Alameda, CA","San Francisco, CA",,,,,,,,,,,,,,
"San Ramon, CA",,,,,,,,,,,,,,,
"Roseville, CA",,,,,,,,,,,,,,,
"San Francisco, CA","Austin, TX","Austin, TX","Austin, TX",,,,,,,,,,,,
"Huntersville, NC","Charlotte, NC",,,,,,,,,,,,,,
"San Francisco, CA",,,,,,,,,,,,,,,
"Fremont, CA","San Mateo, CA",,,,,,,,,,,,,,
"Palo Alto, CA","Somerville, MA","Oakland, CA","San Diego, CA",,,,,,,,,,,,
"San Jose, CA","Oakland, CA",,,,,,,,,,,,,,
"San Francisco, CA",,,,,,,,,,,,,,,
"San Francisco, CA","Fremont, CA",,,,,,,,,,,,,,
"San Francisco, CA",,,,,,,,,,,,,,,
"San Francisco, CA",,,,,,,,,,,,,,,
"Austin, TX","Austin, TX",,,,,,,,,,,,,,
"San Francisco, CA","Bellingham, WA","New York, NY","New York, NY","San Francisco, CA","New York, NY","Bellevue, WA",,,,,,,,,
"Oakland, CA","San Francisco, CA",,,,,,,,,,,,,,
"San Francisco, CA","State Road, NC","Bellevue, WA",,,,,,,,,,,,,
"Sunnyvale, CA",,,,,,,,,,,,,,,
"San Francisco, CA","San Francisco, CA","San Francisco, CA","San Francisco, CA","San Francisco, CA","San Francisco, CA","San Francisco, CA","San Francisco, CA",,,,,,,,
"Belmont, CA","Pleasanton, CA","San Francisco, CA","Larkspur, CA","San Francisco, CA","Piedmont, CA",,,,,,,,,,
"Seattle, WA",,,,,,,,,,,,,,,
"San Bruno, CA","San Francisco, CA","South San Francisco, CA","San Francisco, CA","San Francisco, CA","Piedmont, CA",,,,,,,,,,
"San Francisco, CA",,,,,,,,,,,,,,,
"Sunnyvale, CA",,,,,,,,,,,,,,,
"San Francisco, CA","San Francisco, CA","San Francisco, CA","San Francisco, CA","San Francisco, CA","San Francisco, CA","San Francisco, CA",,,,,,,,,
"Campbell, CA","San Francisco, CA","Redmond, WA","Federal Way, WA","Indianapolis, IN",,,,,,,,,,,
"Cupertino, CA",,,,,,,,,,,,,,,
"San Francisco, CA","Wellesley, MA","Brooklyn, NY","San Francisco, CA",,,,,,,,,,,,
"Austin, TX","Kansas City, MO","Vacaville, CA",,,,,,,,,,,,,
"San Francisco, CA","San Francisco, CA","San Carlos, CA","San Francisco, CA","San Francisco, CA",,,,,,,,,,,
"San Francisco, CA","San Francisco, CA","San Francisco, CA",,,,,,,,,,,,,
"San Francisco, CA","New York, NY",,,,,,,,,,,,,,
"Walnut Creek, CA","Henderson, NV","Los Altos, CA",,,,,,,,,,,,,
"New York, NY","San Francisco, CA",,,,,,,,,,,,,,
"San Francisco, CA","San Francisco, CA","San Francisco, CA","San Francisco, CA","San Francisco, CA",,,,,,,,,,,
"San Francisco, CA","San Francisco, CA","San Francisco, CA",,,,,,,,,,,,,
"Palo Alto, CA",,,,,,,,,,,,,,,
"Sunnyvale, CA","San Jose, CA",,,,,,,,,,,,,,
"San Francisco, CA","San Francisco, CA",,,,,,,,,,,,,,
"Redwood City, CA","Oakland, CA","San Francisco, CA",,,,,,,,,,,,,
"San Francisco, CA","San Francisco, CA",,,,,,,,,,,,,,
"San Francisco, CA","San Francisco, CA",,,,,,,,,,,,,,
"San Francisco, CA","San Francisco, CA",,,,,,,,,,,,,,
"San Francisco, CA","San Mateo, CA","Dublin, CA","San Francisco, CA","Palo Alto, CA","San Francisco, CA","San Francisco, CA","Berkeley, CA","San Francisco, CA","San Francisco, CA","Walnut Creek, CA",,,,,
"Pacifica, CA","Pleasanton, CA",,,,,,,,,,,,,,
"San Francisco, CA","San Francisco, CA","San Francisco, CA","San Francisco, CA","San Francisco, CA","San Francisco, CA",,,,,,,,,,
"San Francisco, CA","Boston, MA",,,,,,,,,,,,,,
"Menlo Park, CA",,,,,,,,,,,,,,,
"San Francisco, CA","San Francisco, CA","San Francisco, CA",,,,,,,,,,,,,
"Eldersburg, MD","Poolesville, MD","Germantown, MD","Chambersburg, PA","Frederick, MD","Sykesville, MD","Frederick, MD","Mount Airy, MD","Fairfax, VA","Clarksburg, MD","Mount Airy, MD","Potomac, MD",,,,
"Matthews, NC","Urbandale, IA",,,,,,,,,,,,,,
"San Francisco, CA",,,,,,,,,,,,,,,
"Oakland, CA","Oakland, CA","San Francisco, CA","Emeryville, CA","San Francisco, CA",,,,,,,,,,,
"Belmont, CA","San Jose, CA",,,,,,,,,,,,,,
"El Granada, CA","Sausalito, CA","Piedmont, CA","Oakland, CA","Oakland, CA","San Francisco, CA","San Francisco, CA",,,,,,,,,
"Seattle, WA",,,,,,,,,,,,,,,
"Mountain View, CA",,,,,,,,,,,,,,,
"Menlo Park, CA","San Francisco, CA",,,,,,,,,,,,,,
"San Francisco, CA",,,,,,,,,,,,,,,
"Palo Alto, CA",,,,,,,,,,,,,,,
"Mountain View, CA","San Jose, CA","Santa Clara, CA",,,,,,,,,,,,,
"San Francisco, CA","San Francisco, CA","San Francisco, CA","San Francisco, CA","San Francisco, CA","San Carlos, CA","San Francisco, CA","San Francisco, CA",,,,,,,,
"San Francisco, CA","South San Francisco, CA",,,,,,,,,,,,,,
"San Francisco, CA",,,,,,,,,,,,,,,
"Los Gatos, CA","San Mateo, CA","Mill Valley, CA",,,,,,,,,,,,,
"Austin, TX","San Francisco, CA",,,,,,,,,,,,,,
"San Francisco, CA","San Francisco, CA",,,,,,,,,,,,,,
"San Francisco, CA","San Francisco, CA","San Francisco, CA",,,,,,,,,,,,,
"Columbus, OH","University Park, PA","Chapel Hill, NC","San Francisco, CA","University Park, PA","Columbus, OH","Columbus, OH",,,,,,,,,
"Vashon, WA",,,,,,,,,,,,,,,
"Pinehurst, NC","Swansea, IL","Charlotte, NC","San Francisco, CA","St. Louis, MO","Charlotte, NC","Lake Saint Louis, MO",,,,,,,,,
"Davidson, NC","Maple Plain, MN","San Francisco, CA","Harrisburg, PA","San Francisco, CA","High Ridge, MO",,,,,,,,,,
"San Francisco, CA","San Francisco, CA","San Francisco, CA",,,,,,,,,,,,,
"Santa Rosa, CA",,,,,,,,,,,,,,,
"Oakland, CA","San Francisco, CA",,,,,,,,,,,,,,
"Portland, OR","Portland, OR","Portland, OR","Portland, OR","Portland, OR","Pacifica, CA",,,,,,,,,,
"San Francisco, CA","San Francisco, CA","San Francisco, CA","San Francisco, CA",,,,,,,,,,,,
"San Francisco, CA","San Francisco, CA","San Francisco, CA","San Francisco, CA",,,,,,,,,,,,
"San Francisco, CA","San Francisco, CA","San Francisco, CA","San Francisco, CA","Bellevue, WA","Redmond, WA",,,,,,,,,,
"Washington, DC","Brooklyn, NY","Brooklyn, NY","Brooklyn, NY","Brooklyn, NY",,,,,,,,,,,
"San Mateo, CA","Sunnyvale, CA","Palo Alto, CA",,,,,,,,,,,,,
"Mountain View, CA","Pleasanton, CA",,,,,,,,,,,,,,
"San Francisco, CA",,,,,,,,,,,,,,,
"San Francisco, CA","Montpelier, VT","San Francisco, CA","Aspinwall, PA",,,,,,,,,,,,
"San Francisco, CA","Concord, CA","San Francisco, CA","San Francisco, CA","San Francisco, CA",,,,,,,,,,,
"Tampa, FL","Brandon, FL","Brandon, FL","Lakeland, FL",,,,,,,,,,,,
"Atlanta, GA","Atlanta, GA","Berkeley, CA","San Francisco, CA","San Mateo, CA","Atlanta, GA","San Francisco, CA",,,,,,,,,
"San Francisco, CA","Oakland, CA","San Francisco, CA","Louisville, CO",,,,,,,,,,,,
"San Francisco, CA",,,,,,,,,,,,,,,
"San Francisco, CA","San Francisco, CA","San Francisco, CA","San Francisco, CA","San Francisco, CA",,,,,,,,,,,
"San Francisco, CA","San Francisco, CA","San Francisco, CA","San Francisco, CA",,,,,,,,,,,,
"San Francisco, CA",,,,,,,,,,,,,,,
"San Francisco, CA","San Francisco, CA",,,,,,,,,,,,,,
"Los Altos, CA","San Francisco, CA","Seattle, WA","Kirkland, WA",,,,,,,,,,,,
"New York, NY","San Francisco, CA",,,,,,,,,,,,,,
"San Francisco, CA","San Francisco, CA","San Francisco, CA",,,,,,,,,,,,,
"San Francisco, CA","San Francisco, CA","Sebastopol, CA","San Francisco, CA","San Francisco, CA","San Francisco, CA","Fremont, CA","Saint Paul, MN","San Leando, CA","San Francisco, CA","San Anselmo, CA","Las Vegas, NV","San Francisco, CA",,,
"San Jose, CA",,,,,,,,,,,,,,,
"Sunnyvale, CA","San Francisco, CA",,,,,,,,,,,,,,
"Bellevue, WA",,,,,,,,,,,,,,,
"San Francisco, CA",,,,,,,,,,,,,,,
"Redwood City, CA","Burlingame, CA","Alameda, CA",,,,,,,,,,,,,
"San Francisco, CA",,,,,,,,,,,,,,,
"Milpitas, CA","San Carlos, CA","San Francisco, CA","Silver Spring, MD",,,,,,,,,,,,
"Brooklyn, NY","San Francisco, CA","San Francisco, CA","San Francisco, CA",,,,,,,,,,,,
"Raleigh, NC","O'Fallon, MO",,,,,,,,,,,,,,
"San Francisco, CA","San Francisco, CA","San Francisco, CA",,,,,,,,,,,,,
"Tremont, IL","Tremont, IL","Tremont, IL",,,,,,,,,,,,,
"Alameda, CA","Hercules, CA","Fremont, CA","Fremont, CA","El Cerrito, CA",,,,,,,,,,,
"Pleasanton, CA","Arlington, VA",,,,,,,,,,,,,,
"Oakland, CA","Saint Augustine, FL","Reno, NV","St. Rafael, CA",,,,,,,,,,,,
"San Francisco, CA",,,,,,,,,,,,,,,
"San Francisco, CA","Boulder, CO","San Francisco, CA",,,,,,,,,,,,,
"Wellesley, MA","San Carlos, CA","San Francisco, CA","San Francisco, CA","San Francisco, CA",,,,,,,,,,,
"San Francisco, CA","San Francisco, CA","San Francisco, CA","San Francisco, CA",,,,,,,,,,,,
"New York, NY","San Francisco, CA","Hastings-on-Hudson, NY","San Francisco, CA","Los Angeles, CA","Brooklyn, NY","Brooklyn, NY","Orinda, CA",,,,,,,,
"San Francisco, CA","San Francisco, CA","San Francisco, CA","San Francisco, CA","San Francisco, CA",,,,,,,,,,,
"San Francisco, CA","San Francisco, CA",,,,,,,,,,,,,,
"San Francisco, CA","Hercules, CA","San Francisco, CA","San Francisco, CA","San Francisco, CA",,,,,,,,,,,
"Oakland, CA","Bend, OR",,,,,,,,,,,,,,
"San Francisco, CA",,,,,,,,,,,,,,,
"Pacifica, CA","Oakland, CA","Portland, OR","San Francisco, CA","Bellevue, WA","Santa Clara, CA","Foster City, CA","Sunnyvale, CA",,,,,,,,
"San Francisco, CA","San Francisco, CA","San Francisco, CA","San Francisco, CA","San Francisco, CA",,,,,,,,,,,
"Menlo Park, CA","San Francisco, CA","Belmont, CA","San Francisco, CA",,,,,,,,,,,,
"San Francisco, CA","San Francisco, CA",,,,,,,,,,,,,,
"San Marcos, CA","Queen Creek, AZ","Davis, CA",,,,,,,,,,,,,
"San Francisco, CA","San Francisco, CA","Fremont, CA",,,,,,,,,,,,,
"San Francisco, CA","San Francisco, CA","San Francisco, CA","Parker, CO","Thornton, CO",,,,,,,,,,,
"San Francisco, CA",,,,,,,,,,,,,,,
"San Francisco, CA","Dublin, CA","Champlin, MN","Hayward, CA",,,,,,,,,,,,
"Delavan, IL","Pekin, IL","Tremont, IL",,,,,,,,,,,,,
"Woodside, CA",,,,,,,,,,,,,,,
"San Francisco, CA","San Francisco, CA","San Francisco, CA","San Francisco, CA","San Francisco, CA",,,,,,,,,,,
"Novato, CA","Pleasanton, CA","San Francisco, CA","Palo Alto, CA",,,,,,,,,,,,
"San Diego, CA",,,,,,,,,,,,,,,
"San Francisco, CA","San Francisco, CA","San Francisco, CA",,,,,,,,,,,,,
"Pacifica, CA","San Francisco, CA","San Francisco, CA","San Francisco, CA","Berkeley, CA","San Francisco, CA","San Francisco, CA",,,,,,,,,
"San Francisco, CA","San Francisco, CA","Oakland, CA",,,,,,,,,,,,,
"San Francisco, CA","Boulder, CO",,,,,,,,,,,,,,
"San Francisco, CA",,,,,,,,,,,,,,,
"Litchfield Park, AZ","San Francisco, CA","San Francisco, CA","San Francisco, CA",,,,,,,,,,,,
"San Francisco, CA","San Francisco, CA","San Francisco, CA","San Francisco, CA","San Francisco, CA","San Francisco, CA","Palo Alto, CA","San Francisco, CA",,,,,,,,
"Mountain View, CA",,,,,,,,,,,,,,,
"Alameda, CA","Hercules, CA","Fremont, CA","Fremont, CA","El Cerrito, CA",,,,,,,,,,,
"Half Moon Bay, CA","San Francisco, CA","San Francisco, CA","San Francisco, CA","San Francisco, CA","San Francisco, CA","San Francisco, CA",,,,,,,,,
"San Francisco, CA","San Francisco, CA",,,,,,,,,,,,,,
"San Francisco, CA","San Francisco, CA","Temple City, CA","San Rafael, CA","San Francisco, CA",,,,,,,,,,,
"San Francisco, CA","San Francisco, CA","San Francisco, CA","Seattle, WA","San Bruno, CA",,,,,,,,,,,
"San Francisco, CA",,,,,,,,,,,,,,,
"Austin, TX",,,,,,,,,,,,,,,
"Fremont, CA",,,,,,,,,,,,,,,
"San Francisco, CA","Millbrae, CA","San Francisco, CA","San Francisco, CA","San Francisco, CA","Seattle, WA","San Francisco, CA","San Francisco, CA","Oakland, CA","Berkeley, CA","San Francisco, CA","South San Francisco, CA",,,,
"Savoy, IL","Champaign, IL","Champaign, IL",,,,,,,,,,,,,
"Boulder, CO","Fremont, CA","San Francisco, CA","San Francisco, CA","Moraga, CA","San Francisco, CA",,,,,,,,,,
"San Francisco, CA","San Francisco, CA","San Francisco, CA","Zephyr Cove, NV","Zephyr Cove, NV",,,,,,,,,,,
"San Francisco, CA","San Francisco, CA","Sebastopol, CA","San Francisco, CA","San Francisco, CA","San Francisco, CA","Fremont, CA","Saint Paul, MN","San Leando, CA","San Francisco, CA","San Anselmo, CA","Las Vegas, NV","San Francisco, CA",,,
"San Francisco, CA",,,,,,,,,,,,,,,
"Portland, OR","San Francisco, CA","San Francisco, CA","San Francisco, CA","San Francisco, CA","San Francisco, CA","Burlingame, CA",,,,,,,,,
"Menlo Park, CA","San Francisco, CA","Walnut Creek, CA",,,,,,,,,,,,,
"San Francisco, CA","Austin, TX","San Francisco, CA","Plano, TX","Austin, TX",,,,,,,,,,,
"Mountain View, CA","San Francisco, CA","Millbrae, CA","San Francisco, CA","San Francisco, CA","Sunnyvale, CA","Fremont, CA","San Francisco, CA",,,,,,,,
"Redmond, WA","Durham, NC","Sandy Springs, GA","Fort Mill, SC","Raleigh, NC",,,,,,,,,,,
"Oakland, CA","Newman Lake, WA","San Francisco, CA",,,,,,,,,,,,,
"Fremont, CA",,,,,,,,,,,,,,,
"San Francisco, CA","Oakland, CA","San Ramon, CA","San Leandro, CA","Fremont, CA","Oakland, CA","San Francisco, CA",,,,,,,,,
"Mission Bay, CA","San Francisco, CA","Emeryville, CA",,,,,,,,,,,,,
"San Francisco, CA","Saratoga, CA","San Francisco, CA",,,,,,,,,,,,,
"San Francisco, CA","San Francisco, CA","San Francisco, CA",,,,,,,,,,,,,
"Woodside, CA","San Francisco, CA","San Francisco, CA","San Francisco, CA","San Francisco, CA",,,,,,,,,,,
"San Francisco, CA","Salinas, CA","Concord, CA",,,,,,,,,,,,,
"Oakland, CA","Oakland, CA","San Francisco, CA","San Francisco, CA",,,,,,,,,,,,
"New York, NY","New York, NY","Brooklyn, NY","New York, NY","New York, NY","Brooklyn, NY",,,,,,,,,,
"Seattle, WA","San Francisco, CA",,,,,,,,,,,,,,
"San Francisco, CA",,,,,,,,,,,,,,,
"Jackson, WY","San Francisco, CA","San Francisco, CA","Oakland, CA",,,,,,,,,,,,
"San Francisco, CA","Mountain View, CA","San Francisco, CA","San Francisco, CA","Fremont, CA","San Francisco, CA","San Francisco, CA","San Francisco, CA","Park City, UT","San Francisco, CA","San Francisco, CA","Great Falls, VA","Aspen, CO","San Francisco, CA",,
"San Francisco, CA","Fords, NJ","San Francisco, CA","Palo Alto, CA",,,,,,,,,,,,
"Berkeley, CA","San Francisco, CA",,,,,,,,,,,,,,
"West St. Paul, MN","Cockeysville, MD","Prior Lake, MN","Apple Valley, MN",,,,,,,,,,,,
"San Francisco, CA",,,,,,,,,,,,,,,
"Sunnyvale, CA","San Francisco, CA","Sunnyvale, CA","San Francisco, CA","San Francisco, CA",,,,,,,,,,,
"San Francisco, CA","Seattle, WA","San Francisco, CA","Palo Alto, CA",,,,,,,,,,,,
"Santa Clara, CA","Foster City, CA","Santa Clara, CA",,,,,,,,,,,,,
"Oakland, CA","Truckee, CA","San Francisco, CA","Atlanta, CA","San Francisco, CA",,,,,,,,,,,
"San Francisco, CA","San Francisco, CA","San Francisco, CA","Mill Valley, CA","Hastings-on-Hudson, NY","Brooklyn, NY","Orinda, CA","Alameda, CA","San Francisco, CA",,,,,,,
"Belmar, NJ","San Francisco, CA","San Francisco, CA","San Francisco, CA","San Francisco, CA",,,,,,,,,,,
"Huntersville, NC","Chesterfield, VA",,,,,,,,,,,,,,
"San Francisco, CA",,,,,,,,,,,,,,,
"Menlo Park, CA","Menlo Park, CA","San Francisco, CA","San Francisco, CA","Sunnyvale, CA","San Francisco, CA",,,,,,,,,,
"Foster City, CA","San Francisco, CA","San Francisco, CA","San Francisco, CA","Sammamish, WA",,,,,,,,,,,
"Woodside, CA","Fremont, CA","Sunnyvale, CA","Fremont, CA",,,,,,,,,,,,
"Oakland, CA","San Francisco, CA","Woodridge, IL","Oakland, CA","Los Gatos, CA","San Francisco, CA",,,,,,,,,,
"Fremont, CA",,,,,,,,,,,,,,,
"Fremont, CA","San Jose, CA",,,,,,,,,,,,,,
"Oakland, CA","San Francisco, CA","San Jose, CA","San Francisco, CA",,,,,,,,,,,,
"San Francisco, CA","San Francisco, CA","Alameda, CA","San Carlos, CA","San Francisco, CA","Arlington, MA",,,,,,,,,,
"Chevy Chase, MD",,,,,,,,,,,,,,,
"San Francisco, CA","Saratoga, CA",,,,,,,,,,,,,,
"San Francisco, CA","San Francisco, CA","Palo Alto, CA","Mountain View, CA","San Francisco, CA","Mountain View, CA","Menlo Park, CA","San Francisco, CA",,,,,,,,
"Savoy, IL","Austin, TX","Austin, TX","Austin, TX","Austin, TX","San Francisco, CA",,,,,,,,,,
"San Francisco, CA",,,,,,,,,,,,,,,
"San Jose, CA","San Jose, CA","Sunnyvale, CA","Santa Clara, CA",,,,,,,,,,,,
"Mountain View, CA","Aptos, CA","San Francisco, CA","San Ramon, CA",,,,,,,,,,,,
"San Ramon, CA","Phoenix, AZ","Foster City, CA",,,,,,,,,,,,,
"San Francisco, CA","San Francisco, CA","San Francisco, CA","San Francisco, CA","San Francisco, CA",,,,,,,,,,,
"Oakland, CA","San Francisco, CA","Cupertino, CA","Burlingame, CA",,,,,,,,,,,,
"San Ramon, CA",,,,,,,,,,,,,,,
"Mountain View, CA","Sunnyvale, CA",,,,,,,,,,,,,,
"Novato, CA","Mountain View, CA","Pleasanton, CA","Palo Alto, CA",,,,,,,,,,,,
"San Francisco, CA","San Francisco, CA","San Francisco, CA","San Francisco, CA",,,,,,,,,,,,
"San Francisco, CA","San Francisco, CA","San Francisco, CA","San Francisco, CA","San Francisco, CA","San Francisco, CA",,,,,,,,,,
"Fremont, CA","Boston, MA",,,,,,,,,,,,,,
"San Francisco, CA","San Francisco, CA","Oakland, CA","San Francisco, CA","Seattle, WA",,,,,,,,,,,
"San Francisco, CA","San Francisco, CA",,,,,,,,,,,,,,
"Laguna Beach, CA","Portland, OR","New York, NY","Seattle, WA",,,,,,,,,,,,
"San Mateo, CA",,,,,,,,,,,,,,,
"Berkeley, CA","Mountain View, CA","San Francisco, CA","Foster City, CA","San Francisco, CA","Pleasanton, CA",,,,,,,,,,
"Menlo Park, CA",,,,,,,,,,,,,,,
"Los Altos Hills, CA","Redwood City, CA","Elmhurst, IL","Pleasanton, CA",,,,,,,,,,,,
"Tega Cay, SC","Charlotte, NC","St. Louis, MO","Charlotte, NC","Cedarburg, WI",,,,,,,,,,,
"Dublin, CA","Concord, CA","Denver, CO",,,,,,,,,,,,,
"Milpitas, CA","Los Angeles, CA","Sunnyvale, CA",,,,,,,,,,,,,
"San Francisco, CA","San Francisco, CA","San Francisco, CA","San Francisco, CA",,,,,,,,,,,,
"San Rafael, CA","San Francisco, CA","San Francisco, CA",,,,,,,,,,,,,
"Pacifica, CA","San Francisco, CA",,,,,,,,,,,,,,
"San Francisco, CA","Hayward, CA","San Francisco, CA","Los Altos, CA",,,,,,,,,,,,
"Menlo Park, CA","Menlo Park, CA","San Francisco, CA","San Francisco, CA","Sunnyvale, CA","San Francisco, CA",,,,,,,,,,
"Mountain View, CA","Mountain View, CA","Mountain View, CA","Mountain View, CA","Mountain View, CA",,,,,,,,,,,
"Mountain View, CA","Redwood City, CA","San Francisco, CA",,,,,,,,,,,,,
"San Francisco, CA","San Francisco, CA","San Francisco, CA",,,,,,,,,,,,,
"Castro Valley, CA","San Francisco, CA","Seattle, WA","Danville, CA","Fremont, CA","Raleigh, NC",,,,,,,,,,
"San Francisco, CA","Montpelier, VT","San Francisco, CA","Aspinwall, PA",,,,,,,,,,,,
"Belmont, CA","Berkeley, CA","San Bruno, CA",,,,,,,,,,,,,
"San Francisco, CA","San Francisco, CA","San Francisco, CA","San Francisco, CA","San Francisco, CA","San Francisco, CA","San Francisco, CA",,,,,,,,,
"Minneapolis, MN",,,,,,,,,,,,,,,
"New York City, NY",,,,,,,,,,,,,,,
"San Francisco, CA",,,,,,,,,,,,,,,
"San Francisco, CA","San Francisco, CA",,,,,,,,,,,,,,
"San Francisco, CA","San Francisco, CA","San Francisco, CA","San Francisco, CA","San Francisco, CA",,,,,,,,,,,
"Palo Alto, CA","Menlo Park, CA","Sunnyvale, CA","Sunnyvale, CA",,,,,,,,,,,,
"San Francisco, CA","San Francisco, CA",,,,,,,,,,,,,,
"San Francisco, CA","Sunnyvale, CA",,,,,,,,,,,,,,
"San Francisco, CA","Atlanta, GA","Atlanta, GA","San Francisco, CA","Atlanta, GA","Atlanta, GA","San Francisco, CA","Atlanta, GA",,,,,,,,
"Chicago, IL","Brooklyn, NY","Oakland, CA","Medina, WA",,,,,,,,,,,,
"Berkeley, CA","Berkeley, CA",,,,,,,,,,,,,,
"Raleigh, NC","O'Faffon, MO",,,,,,,,,,,,,,
"San Francisco, CA","San Francisco, CA",,,,,,,,,,,,,,
"San Francisco, CA","San Francisco, CA","San Francisco, CA",,,,,,,,,,,,,
"Washington, DC","Leesburg, VA",,,,,,,,,,,,,,
"Hillsborough, CA","San Francisco, CA",,,,,,,,,,,,,,
"Sausalito, CA","San Mateo, CA","South San Francisco, CA","Berkeley, CA",,,,,,,,,,,,
"San Francisco, CA","San Francisco, CA","Sunnyvale, CA","Mountain View, CA","San Francisco, CA",,,,,,,,,,,
"Washington, DC","Leesburg, VA",,,,,,,,,,,,,,
"San Francisco, CA","San Francisco, CA",,,,,,,,,,,,,,
"San Francisco, CA",,,,,,,,,,,,,,,
"Palo Alto, CA","Albany, CA","San Francisco, CA","Pleasant Hill, CA","San Francisco, CA",,,,,,,,,,,
"San Francisco, CA","San Francisco, CA","San Francisco, CA",,,,,,,,,,,,,
"San Francisco, CA",,,,,,,,,,,,,,,
"Durham, NC",,,,,,,,,,,,,,,
"Novato, CA","San Rafael, CA",,,,,,,,,,,,,,
"San Francisco, CA","San Francisco, CA","San Francisco, CA",,,,,,,,,,,,,
"San Francisco, CA","San Francisco, CA","San Francisco, CA","San Ramon, CA","San Francisco, CA",,,,,,,,,,,
"San Francisco, CA","San Jose, CA",,,,,,,,,,,,,,
"San Francisco, CA","San Francisco, CA","Redwood City, CA",,,,,,,,,,,,,
"Walnut Creek, CA","Lafayette, CA","San Francisco, CA",,,,,,,,,,,,,
"St. Louis, MO","Charlotte, NC","St. Louis, MO",,,,,,,,,,,,,
"San Francisco, CA","San Francisco, CA","San Francisco, CA","San Francisco, CA",,,,,,,,,,,,
"San Francisco, CA","San Francisco, CA",,,,,,,,,,,,,,
"Orinda, CA","San Francisco, CA","Moss Beach, CA","Seattle, WA","Bozeman, MT","San Francisco, CA","Cambridge, MA",,,,,,,,,
"Belmont, CA","San Francisco, CA","Redwood City, CA","San Francisco, CA","San Francisco, CA",,,,,,,,,,,
"San Francisco, CA","San Francisco, CA",,,,,,,,,,,,,,
"San Francisco, CA","San Francisco, CA","San Francisco, CA","San Francisco, CA",,,,,,,,,,,,
"Los Altos Hills, CA","Redwood City, CA","Elmhurst, IL","Pleasanton, CA","San Francisco, CA","San Francisco, CA",,,,,,,,,,
"Fox Point, WI","Walnut Creek, CA","Brooklyn, NY","Fairfax, CA","Brooklyn, NY",,,,,,,,,,,
"San Francisco, CA","San Francisco, CA",,,,,,,,,,,,,,
"Rocklin, CA","Round Rock, TX","Coral Gables, FL","Costa Mesa, CA",,,,,,,,,,,,
"Seattle, WA",,,,,,,,,,,,,,,
"San Francisco, CA",,,,,,,,,,,,,,,
"San Francisco, CA","San Francisco, CA",,,,,,,,,,,,,,
"Tiburon, CA","San Francisco, CA","Kitchener, CA","San Francisco, CA",,,,,,,,,,,,
"San Francisco, CA","Oakland, CA","San Francisco, CA",,,,,,,,,,,,,
"San Francisco, CA",,,,,,,,,,,,,,,
"Austin, TX",,,,,,,,,,,,,,,
"North Andover, MA","San Mateo, CA","Green Cove Springs, FL","Oakland, CA",,,,,,,,,,,,
"San Jose, CA",,,,,,,,,,,,,,,
"San Francisco, CA","Alameda, CA","San Francisco, CA","Newark, CA","Fremont, CA",,,,,,,,,,,
"Berkeley, CA","Brooklyn, NY","San Carlos, CA","Oakland, CA","San Francisco, CA","San Francisco, CA","San Francisco, CA","New York, NY","Long Island, NY","San Francisco, CA","San Mateo, CA","Corona, CA","Menlo Park, CA",,,
"Menlo Park, CA","Belmont, CA",,,,,,,,,,,,,,
"San Francisco, CA","Menlo Park, CA",,,,,,,,,,,,,,
"San Francisco, CA","San Francisco, CA","San Francisco, CA","San Francisco, CA","San Francisco, CA","San Francisco, CA","San Francisco, CA",,,,,,,,,
"Mountain View, CA","Mountain View, CA",,,,,,,,,,,,,,
"Oakland, CA","San Francisco, CA","Oakland, CA","San Francisco, CA","San Francisco, CA",,,,,,,,,,,
"Mountain View, CA","Mountain View, CA","Mountain View, CA","Mountain View, CA","Mountain View, CA","Mountain View, CA","Mountain View, CA","Mountain View, CA","Mountain View, CA",,,,,,,
"Carbondale, CO","Emeryville, CA",,,,,,,,,,,,,,
"San Francisco, CA","San Francisco, CA","Dublin, CA","San Francisco, CA","Richmond, CA","San Francisco, CA","San Francisco, CA","San Francisco, CA","San Francisco, CA",,,,,,,
"Mountain View, CA","San Jose, CA","Santa Clara, CA",,,,,,,,,,,,,
"Mountain View, CA","San Jose, CA","Santa Clara, CA",,,,,,,,,,,,,
"San Francisco, CA","San Francisco, CA","San Francisco, CA","Berkeley, CA",,,,,,,,,,,,
"San Francisco, CA","Seattle, WA","San Francisco, CA","San Francisco, CA",,,,,,,,,,,,
"San Francisco, CA","San Francisco, CA","San Francisco, CA","San Francisco, CA","San Francisco, CA","San Francisco, CA",,,,,,,,,,
"San Francisco, CA","San Francisco, CA","San Francisco, CA",,,,,,,,,,,,,
"Pittsburgh, PA","Pittsburgh, PA",,,,,,,,,,,,,,
"San Francisco, CA","San Francisco, CA","San Francisco, CA",,,,,,,,,,,,,
"San Francisco, CA","San Francisco, CA","San Francisco, CA","San Francisco, CA","San Francisco, CA","San Francisco, CA",,,,,,,,,,
"San Francisco, CA","Boston, MA",,,,,,,,,,,,,,
"Seattle, WA","Carlsbad, CA",,,,,,,,,,,,,,
"San Francisco, CA","San Francisco, CA","San Francisco, CA","San Francisco, CA","San Francisco, CA","San Francisco, CA","San Francisco, CA",,,,,,,,,
"Monroe, NC","Charlotte, NC",,,,,,,,,,,,,,
"Pleasanton, CA",,,,,,,,,,,,,,,
"San Francisco, CA","San Francisco, CA","San Francisco, CA",,,,,,,,,,,,,
"San Francisco, CA","Hillsboro, OR","Portland, OR",,,,,,,,,,,,,
"San Francisco, CA","San Francisco, CA","San Francisco, CA","San Francisco, CA","San Francisco, CA",,,,,,,,,,,
"Castro Valley, CA","Bloomington, IN","Dublin, CA","Oakland, CA","Castro Valley, CA",,,,,,,,,,,
"San Francisco, CA","San Francisco, CA","San Francisco, CA",,,,,,,,,,,,,
"Berkeley, CA","Brooklyn, NY","San Carlos, CA","Oakland, CA","San Francisco, CA","San Francisco, CA","San Francisco, CA","New York, NY","Long Island, NY","San Francisco, CA","San Mateo, CA","Corona, CA","Menlo Park, CA",,,
"Kirkland, WA","Redmond, WA",,,,,,,,,,,,,,
"San Francisco, CA","San Francisco, CA","San Francisco, CA",,,,,,,,,,,,,
"San Francisco, CA","Boulder, CO","San Francisco, CA","Menlo Park, CA",,,,,,,,,,,,
"Clayton, CA","Orinda, CA","Fairfax, CA","San Francisco, CA","Davidson, NC","San Francisco, CA","San Ramon, CA","San Jose, CA",,,,,,,,
"Pleasanton, CA",,,,,,,,,,,,,,,
"San Francisco, CA","San Francisco, CA","San Francisco, CA",,,,,,,,,,,,,
"San Mateo, CA","San Francisco, CA","Antioch, CA",,,,,,,,,,,,,
"San Francisco, CA","San Francisco, CA",,,,,,,,,,,,,,
"San Francisco, CA","San Francisco, CA","San Francisco, CA","San Francisco, CA","San Francisco, CA","San Francisco, CA",,,,,,,,,,
"Cambridge, MA","Fremont, CA","San Francisco, CA","San Anselmo, CA","Cambridge, MA",,,,,,,,,,,
"Brighton, CO","Denver, CO","Golden, CO","Boulder, CO",,,,,,,,,,,,
"Burlington, VT","Bonita Springs, FL",,,,,,,,,,,,,,
"San Francisco, CA","San Francisco, CA",,,,,,,,,,,,,,
"San Francisco, CA","San Francisco, CA",,,,,,,,,,,,,,
"Woodside, CA","San Jose, CA",,,,,,,,,,,,,,
"San Jose, CA","San Francisco, CA",,,,,,,,,,,,,,
"San Francisco, CA","San Francisco, CA","San Francisco, CA","San Francisco, CA",,,,,,,,,,,,
"Berkeley, CA","Concord, CA","Fremont, CA",,,,,,,,,,,,,
"San Francisco, CA","San Francisco, CA","Oakland, CA",,,,,,,,,,,,,
"San Francisco, CA","San Francisco, CA","San Francisco, CA",,,,,,,,,,,,,
"San Francisco, CA","San Francisco, CA","Sunnyvale, CA","San Jose, CA","San Francisco, CA","San Francisco, CA","San Diego, CA",,,,,,,,,
"Mountain View, CA","San Francisco, CA","San Francisco, CA","San Francisco, CA","San Francisco, CA","Menlo Park, CA","San Francisco, CA",,,,,,,,,
"Jersey City, NJ","New York, NY",,,,,,,,,,,,,,
"San Francisco, CA","Pittsburgh, PA","San Francisco, CA","Washington, DC",,,,,,,,,,,,
"Hayward, CA","Walnut Creek, CA","Lodi, CA","Pleasanton, CA",,,,,,,,,,,,
"Chevy Chase, MD","San Francisco, CA","Brooklyn, NY",,,,,,,,,,,,,
"San Francisco, CA","San Francisco, CA","San Francisco, CA","Alameda, CA",,,,,,,,,,,,
"Monroe, NC","Charlotte, NC",,,,,,,,,,,,,,
"San Francisco, CA","San Francisco, CA","San Francisco, CA","Moraga, CA",,,,,,,,,,,,
"Pleasant Hill, CA","San Ramon, CA","San Francisco, CA","San Francisco, CA",,,,,,,,,,,,
"Chesterfield, MO","St. Louis, MO","Mechanicsville, VA","St. Louis, MO","Glen Allen, VA","Caseyville, IL",,,,,,,,,,
"San Francisco, CA","Boulder, CO","San Francisco, CA","Arlington, TX",,,,,,,,,,,,
"Bothell, WA","Seattle, WA","St. Louis, MO",,,,,,,,,,,,,
"Millbrae, CA","Novato, CA","San Francisco, CA","San Jose, CA","Danville, CA","Burlingame, CA","Bellevue, WA","San Ramon, CA",,,,,,,,
"San Francisco, CA","San Francisco, CA","San Francisco, CA",,,,,,,,,,,,,
"Oakland, CA","Oakland, CA","San Francisco, CA","Emeryville, CA",,,,,,,,,,,,
"San Francisco, CA",,,,,,,,,,,,,,,
"San Francisco, CA","San Francisco, CA","Sunnyvale, CA","San Jose, CA","San Francisco, CA","San Francisco, CA","San Diego, CA",,,,,,,,,
"New York, NY","New York, NY","Fresh Meadows, NY",,,,,,,,,,,,,
"San Francisco, CA","San Francisco, CA","San Francisco, CA",,,,,,,,,,,,,
"Potomac, MD",,,,,,,,,,,,,,,
"Campbell, CA","San Jose, CA","Fremont, CA",,,,,,,,,,,,,
"Washington, DC","Fort Worth, TX","West Chester, PA","Durnham, NC",,,,,,,,,,,,
"San Francisco, CA","San Francisco, CA","San Francisco, CA","San Francisco, CA",,,,,,,,,,,,
"San Francisco, CA","San Francisco, CA","San Francisco, CA","San Francisco, CA","San Francisco, CA",,,,,,,,,,,
"San Francisco, CA","San Francisco, CA","San Francisco, CA","San Francisco, CA",,,,,,,,,,,,
"Chesterfield, MO","Pleasanton, CA","San Francisco, CA","San Francisco, CA",,,,,,,,,,,,
"San Francisco, CA",,,,,,,,,,,,,,,
"Rowayton, CT","San Francisco, CA","Brooklyn, NY","San Francisco, CA","San Francisco, CA","Brooklyn, NY",,,,,,,,,,
"San Francisco, CA","New York, NY","San Francisco, CA","San Francisco, CA",,,,,,,,,,,,
"San Francisco, CA","San Francisco, CA","San Francisco, CA","San Francisco, CA","San Francisco, CA","Oakland, CA",,,,,,,,,,
"San Francisco, CA","San Francisco, CA","San Francisco, CA","San Francisco, CA","San Francisco, CA","San Francisco, CA","San Francisco, CA",,,,,,,,,
"San Francisco, CA","San Francisco, CA","San Francisco, CA",,,,,,,,,,,,,
"Portland, OR",,,,,,,,,,,,,,,
"San Francisco, CA","San Jose, CA",,,,,,,,,,,,,,
"San Francisco, CA","San Francisco, CA","Chico, CA",,,,,,,,,,,,,
"San Francisco, CA",,,,,,,,,,,,,,,
"San Francisco, CA","San Francisco, CA","San Francisco, CA","San Francisco, CA","San Francisco, CA","San Francisco, CA",,,,,,,,,,
"Burlingame, CA","Burlingame, CA","Santa Clara, CA","San Francisco, CA","San Francisco, CA","San Francisco, CA","St. Louis, MO","Monmouth Junction, NJ",,,,,,,,
"Los Altos, CA","San Francisco, CA","San Francisco, CA","San Francisco, CA","San Francisco, CA",,,,,,,,,,,
"San Francisco, CA","San Francisco, CA",,,,,,,,,,,,,,
"Westminister, CO","San Francisco, CA","San Francisco, CA","San Francisco, CA",,,,,,,,,,,,
"Pacifica, CA",,,,,,,,,,,,,,,
"San Jose, CA","Sunnyvale, CA","Fremont, CA",,,,,,,,,,,,,
"Menlo Park, CA","San Francisco, CA","Walnut Creek, CA",,,,,,,,,,,,,
"San Francisco, CA","San Francisco, CA","San Francisco, CA","San Francisco, CA","San Francisco, CA","San Francisco, CA",,,,,,,,,,
"Menlo Park, CA","Menlo Park, CA","San Francisco, CA","San Francisco, CA","Sunnyvale, CA","San Francisco, CA",,,,,,,,,,
"Belmont, CA","Pleasanton, CA","San Francisco, CA","Larkspur, CA","San Francisco, CA","Piedmont, CA",,,,,,,,,,
"Ventura, CA",,,,,,,,,,,,,,,
"San Francisco, CA","San Francisco, CA",,,,,,,,,,,,,,
"San Francisco, CA","San Francisco, CA","San Francisco, CA","San Francisco, CA",,,,,,,,,,,,
"San Ramon, CA",,,,,,,,,,,,,,,
"Novato, CA","Alameda, CA",,,,,,,,,,,,,,
"Fremont, CA","Martinez, CA","San Francisco, CA","San Francisco, CA","Cambridge, MA","Cambridge, MA",,,,,,,,,,
"San Francisco, CA","San Francisco, CA","Oakland, CA","San Francisco, CA",,,,,,,,,,,,
"San Mateo, CA",,,,,,,,,,,,,,,
"San Francisco, CA","San Francisco, CA","Brooklyn, NY","San Francisco, CA",,,,,,,,,,,,
"Mt. Holly, NC","Lafayette, CA","Tega Cay, SC","Pineville, NC",,,,,,,,,,,,
"San Francisco, CA","Alameda, CA",,,,,,,,,,,,,,
"Bellevue, WA",,,,,,,,,,,,,,,
"Chevy Chase, MD","Brooklyn, NY","San Francisco, CA","San Francisco, CA","Seattle, WA",,,,,,,,,,,
"San Francisco, CA",,,,,,,,,,,,,,,
"San Francisco, CA","San Francisco, CA","San Francisco, CA","San Francisco, CA","San Francisco, CA",,,,,,,,,,,
"Menlo Park, CA",,,,,,,,,,,,,,,
"San Francisco, CA","Mill Valley, CA",,,,,,,,,,,,,,
"Cotati, CA","Oakland, CA","Mountain View, CA","San Francisco, CA",,,,,,,,,,,,
"San Francisco, CA","San Francisco, CA","San Francisco, CA",,,,,,,,,,,,,
"Berkeley, CA",,,,,,,,,,,,,,,
"San Francisco, CA",,,,,,,,,,,,,,,
"San Francisco, CA","San Francisco, CA","Oakland, CA",,,,,,,,,,,,,
"San Francisco, CA","San Francisco, CA","San Francisco, CA",,,,,,,,,,,,,
"Palo Alto, CA","San Carlos, CA",,,,,,,,,,,,,,
"Santa Cruz, CA","San Francisco, CA","Santa Cruz, CA",,,,,,,,,,,,,
"San Francisco, CA",,,,,,,,,,,,,,,
"San Francisco, CA","San Francisco, CA","San Francisco, CA","San Francisco, CA","San Francisco, CA","San Francisco, CA",,,,,,,,,,
"Charlotte, NC","Sunnyside, NY","Monroe, NC",,,,,,,,,,,,,
"San Francisco, CA","San Francisco, CA","San Francisco, CA",,,,,,,,,,,,,
"San Francisco, CA","San Francisco, CA","San Francisco, CA","San Francisco, CA","San Francisco, CA","San Francisco, CA",,,,,,,,,,
"San Carlos, CA","Sausalito, CA","San Francisco, CA","Brooklyn, NY","Menlo Park, CA","San Francisco, CA","San Francisco, CA","Berkeley, CA",,,,,,,,
"San Francisco, CA","San Francisco, CA","San Francisco, CA","San Francisco, CA","San Francisco, CA","San Francisco, CA",,,,,,,,,,
"San Francisco, CA","San Francisco, CA","San Francisco, CA",,,,,,,,,,,,,
"Palo Alto, CA","Somerville, MA","Oakland, CA","San Diego, CA",,,,,,,,,,,,
"Austin, TX","San Francisco, CA","San Francisco, CA",,,,,,,,,,,,,
"San Francisco, CA","San Francisco, CA",,,,,,,,,,,,,,
"Mountain View, CA","Sunnyvale, CA","Redwood City, CA",,,,,,,,,,,,,
"Charlotte, NC","Tinton Falls, NJ","Novato, CA","Concord, NC","Waxhaw, NC",,,,,,,,,,,
"San Francisco, CA",,,,,,,,,,,,,,,
"San Francisco, CA","San Francisco, CA","San Francisco, CA",,,,,,,,,,,,,
"Oakland, CA","Concord, CA","Oakland, CA","San Francisco, CA",,,,,,,,,,,,
"San Francisco, CA","San Francisco, CA","San Francisco, CA","San Francisco, CA",,,,,,,,,,,,
"San Francisco, CA","San Francisco, CA","San Francisco, CA","San Francisco, CA",,,,,,,,,,,,
"Denver, CO","Denver, CO","Denver, CO","Denver, CO",,,,,,,,,,,,
"San Francisco, CA","San Francisco, CA","Oakland, CA",,,,,,,,,,,,,
"San Francisco, CA","San Francisco, CA",,,,,,,,,,,,,,
"San Mateo, CA","Palo Alto, CA","Sunnyvale, CA",,,,,,,,,,,,,
"San Francisco, CA","San Francisco, CA","San Francisco, CA",,,,,,,,,,,,,
"San Fernando, CA","San Fernando, CA","San Fernando, CA",,,,,,,,,,,,,
"Menlo Park, CA","San Francisco, CA","Foster City, CA","Burlingame, CA",,,,,,,,,,,,
"Palo Alto, CA","Somerville, MA","Oakland, CA","San Diego, CA",,,,,,,,,,,,
"San Francisco, CA","San Francisco, CA","San Francisco, CA",,,,,,,,,,,,,
"Hillsborough, CA","San Francisco, CA",,,,,,,,,,,,,,
"San Francisco, CA","San Francisco, CA","San Francisco, CA","San Ramon, CA","San Francisco, CA",,,,,,,,,,,
"San Francisco, CA","San Francisco, CA","San Francisco, CA","San Francisco, CA","San Francisco, CA",,,,,,,,,,,
"San Francisco, CA","San Francisco, CA","Oakland, CA",,,,,,,,,,,,,
"Lexington, MA","San Francisco, CA","Cambridge, MA",,,,,,,,,,,,,
"Palo Alto, CA","San Francisco, CA","Pacifica, CA",,,,,,,,,,,,,
"San Francisco, CA","San Francisco, CA",,,,,,,,,,,,,,
"South Lake Tahoe, CA","San Francisco, CA","Dawsonville, GA",,,,,,,,,,,,,
"Mountain View, CA","Redwood City, CA","San Francisco, CA",,,,,,,,,,,,,
"Sunnyvale, CA","San Jose, CA","San Francisco, CA","Palo Alto, CA","Sunnyvale, CA",,,,,,,,,,,