"Menlo Park, CA","San Francisco, CA","San Francisco, CA","Tiburon, CA","San Francisco, CA",,,,,,
"Pleasant Hill, IA","Waxhaw, NC","Mint Hill, NC","Charlotte, NC","O'Fallon, MO","Fountain Hills, AZ","Matthews, NC","Irvine, CA",,,
"San Jose, CA","Fremont, CA","College Park, MD","Sunnyvale, CA",,,,,,,
"Tiburon, CA",,,,,,,,,,
"Chanhassen, MN","New Richmond, WI","St. Paul, MN","Brush Prairie, WA","Brooklyn Park, MN","Big Lake, MN","New York, NY",,,,
"Brookline, MA","Cambridge, MA","San Mateo, CA","North Andover, MA",,,,,,,
"Dublin, CA","St. Louis, MO","Walnut Creek, CA","San Francisco, CA",,,,,,,
"Albany, CA",,,,,,,,,,
"New York, NY","San Francisco, CA","San Francisco, CA",,,,,,,,
"Pleasanton, CA","Danville, CA","Arlington, VA",,,,,,,,
"Salinas, CA","Hillsborough, CA","San Francisco, CA","Concord, CA","San Mateo, CA","San Francisco, CA","San Francisco, CA",,,,
"San Francisco, CA",,,,,,,,,,
"South San Francisco, CA","South San Francisco, CA","South San Francisco, CA","South San Francisco, CA","South San Francisco, CA","South San Francisco, CA",,,,,
"Brooklyn, NY","Brooklyn, NY","Brooklyn, NY",,,,,,,,
"San Francisco, CA","San Francisco, CA","San Francisco, CA","Seattle, WA","Seattle, WA","San Francisco, CA",,,,,
"Marietta, GA","State Road, NC","Concord, CA",,,,,,,,
"San Francisco, CA","San Francisco, CA",,,,,,,,,
"Los Altos, CA","Palo Alto, CA","Half Moon Bay, CA",,,,,,,,
"Foster City, CA","Fremont, CA","Fremont, CA",,,,,,,,
"San Mateo, CA","San Francisco, CA","San Francisco, CA","Richmond, CA","Portola Valley, CA","San Francisco, CA",,,,,
"San Mateo, CA","Fremont, CA","San Mateo, CA","San Francisco, CA",,,,,,,
"Seattle, WA","San Francisco, CA","San Francisco, CA","San Francisco, CA","Los Altos, CA",,,,,,
"San Francisco, CA","San Francisco, CA","San Francisco, CA","Oakland, CA",,,,,,,
"San Francisco, CA","Fremont, CA",,,,,,,,,
"Waxhaw, NC","Pleasant Hill, IA","Mint Hill, NC","Charlotte, NC","O'Fallon, MO","Fountain Hills, AZ","Matthews, NC","Irvine, CA",,,
"San Francisco, CA","San Francisco, CA","Berkeley, CA","Oakland, CA","San Francisco, CA","Livermore, CA",,,,,
"San Mateo, CA","Okemos, MI",,,,,,,,,
"San Francisco, CA","San Francisco, CA","San Francisco, CA","San Francisco, CA","San Francisco, CA","San Francisco, CA","San Francisco, CA","San Francisco, CA","San Francisco, CA",,
"Santa Monica, CA","Santa Monica, CA",,,,,,,,,
"Santa Monica, CA","Santa Monica, CA",,,,,,,,,
"Santa Clara, CA","Champaign, IL",,,,,,,,,
"San Francisco, CA",,,,,,,,,,
"Dublin, CA","San Francisco, CA","San Francisco, CA","Alameda, CA","Union City, CA","San Mateo, CA",,,,,
"Walnut Creek, CA",,,,,,,,,,
"San Francisco, CA","San Francisco, CA","San Francisco, CA",,,,,,,,
"San Francisco, CA",,,,,,,,,,
"Foster City, CA","Concord, CA","Greenbrae, CA",,,,,,,,
"Fords, NJ","San Francisco, CA","Palo Alto, CA","San Francisco, CA","Berkeley, CA",,,,,,
"San Francisco, CA","San Francisco, CA","San Francisco, CA","San Francisco, CA","San Francisco, CA","San Francisco, CA","San Francisco, CA","San Francisco, CA","San Francisco, CA","San Francisco, CA",
"Salinas, CA","Hillsborough, CA","San Francisco, CA","Concord, CA","San Mateo, CA","San Francisco, CA","San Francisco, CA",,,,
"Los Angeles, CA",,,,,,,,,,
"San Francisco, CA","San Francisco, CA","San Francisco, CA",,,,,,,,
"San Francisco, CA","Seattle, WA","Seattle, WA","San Francisco, CA",,,,,,,
"San Francisco, CA",,,,,,,,,,
"Palo Alto, CA","San Carlos, CA","Lake Forest Park, WA","Snoqualmie, WA","Bellevue, CA","Seattle, WA",,,,,
"San Francisco, CA","Boulder, CO","Hillsboro, OR","Burlington, MA","San Francisco, CA","Castro Valley, CA","San Francisco, CA","Louisville, CO",,,
"San Francisco, CA","San Francisco, CA",,,,,,,,,
"San Francisco, CA",,,,,,,,,,
"Fremont, CA","San Francisco, CA","San Francisco, CA","Oakland, CA",,,,,,,
"San Francisco, CA","San Francisco, CA",,,,,,,,,
"San Francisco, CA","San Francisco, CA",,,,,,,,,
"San Francisco, CA","San Francisco, CA","San Francisco, CA",,,,,,,,
"Furlong, PA","Lumberton, NJ",,,,,,,,,
"San Francisco, CA","San Francisco, CA",,,,,,,,,
"Worthington, OH",,,,,,,,,,
"Raleigh, NC","O'Fallon, MO",,,,,,,,,
"San Francisco, CA","San Francisco, CA","Palo Alto, CA","Fords, NJ","Berkeley, CA",,,,,,
"Fords, NJ","Berkeley, CA","San Francisco, CA","San Francisco, CA",,,,,,,
"Milpitas, CA",,,,,,,,,,
"San Francisco, CA","San Francisco, CA",,,,,,,,,
"San Francisco, CA","San Francisco, CA","San Francisco, CA",,,,,,,,
"Palo Alto, CA","Palo Alto, CA","Palo Alto, CA","Palo Alto, CA",,,,,,,
"Oakland, CA","Mountain View, CA","San Francisco, CA",,,,,,,,
"Lafayette, CA","San Francisco, CA",,,,,,,,,
"San Ramon, CA",,,,,,,,,,
"Sunnyvale, CA","Sunnyvale, CA","San Mateo, CA","Palo Alto, CA","Mountain View, CA",,,,,,
"San Francisco, CA","Sunnyvale, CA","Durham, NC","Oakland, CA","Portland, OR","San Francisco, CA","Raleigh, NC","San Francisco, CA",,,
"San Mateo, CA","Cupertino, CA",,,,,,,,,
"San Francisco, CA","San Francisco, CA",,,,,,,,,
"San Francisco, CA","San Jose, CA","San Francisco, CA",,,,,,,,
"Fremont, CA","Foster City, CA","Burlingame, CA",,,,,,,,
"San Francisco, CA","San Francisco, CA",,,,,,,,,
"San Francisco, CA","San Francisco, CA",,,,,,,,,
"Foster City, CA","Foster City, CA","Foster City, CA",,,,,,,,
"Kirkland, WA","Nashua, NH","San Francisco, CA","Redwood City, CA",,,,,,,
"Sunnyvale, CA","Santa Clara, CA","San Jose, CA","San Francisco, CA",,,,,,,
"San Francisco, CA","San Francisco, CA","Mountain View, CA",,,,,,,,
"Fremont, CA",,,,,,,,,,
"Kent, WA",,,,,,,,,,
"San Francisco, CA","San Francisco, CA","San Francisco, CA","San Francisco, CA","San Francisco, CA","San Francisco, CA","San Francisco, CA",,,,
"Palo Alto, CA","San Francisco, CA","San Francisco, CA","Fords, NJ",,,,,,,
"Perris, CA",,,,,,,,,,
"Washington, DC","Chicago, IL",,,,,,,,,
"San Francisco, CA","Foster City, CA",,,,,,,,,
"San Francisco, CA","Cupertino, CA","San Francisco, CA",,,,,,,,
"Austin, TX","Austin, TX",,,,,,,,,
"San Francisco, CA","Oakland, CA",,,,,,,,,
"San Francisco, CA",,,,,,,,,,
"Berkeley, CA","San Francisco, CA","San Francisco, CA",,,,,,,,
"San Mateo, CA","San Francisco, CA","San Francisco, CA","Richmond, CA","Portola Valley, CA","San Francisco, CA",,,,,
"Mountain View, CA","Emeryville, CA","San Francisco, CA",,,,,,,,
"San Jose, CA","San Francisco, CA","San Francisco, CA","San Francisco, CA","Oakland, CA","San Carlos, CA","Pittsford, NY","San Francisco, CA","Burlingame, CA","San Francisco, CA","San Francisco, CA"
"Sunnyvale, CA","Santa Clara, CA","San Jose, CA","San Francisco, CA",,,,,,,
"San Francisco, CA","San Francisco, CA","San Francisco, CA","Fremont, CA","Walnut Creek, CA","San Francisco, CA","El Cerrito, CA",,,,
"Los Altos Hills, CA",,,,,,,,,,
"San Jose, CA","Los Gatos, CA","Menlo Park, CA",,,,,,,,
"Berkeley, CA","San Francisco, CA","San Francisco, CA","San Francisco, CA","San Francisco, CA","Jacksonville, OR","San Francisco, CA",,,,
"Sunnyvale, CA","Fremont, CA",,,,,,,,,
"Irvine, CA","Los Altos, CA",,,,,,,,,
"San Francisco, CA","San Francisco, CA",,,,,,,,,